<?xml version="1.0" encoding="utf-8" standalone="no"?>
<manifest identifier="FL.MyAmazingCompany.Bancoldex.57b35756-09d8-45db-b7ce-7fd20899435b" version="1" xmlns:adlcp="http://www.adlnet.org/xsd/adlcp_rootv1p2" xmlns="http://www.imsproject.org/xsd/imscp_rootv1p1p2" xmlns:xsi="http://www.w3.org/2001/XMLSchema-instance" xsi:schemaLocation="http://www.imsproject.org/xsd/imscp_rootv1p1p2 imscp_rootv1p1p2.xsd http://www.imsglobal.org/xsd/imsmd_rootv1p2p1 imsmd_rootv1p2p1.xsd http://www.adlnet.org/xsd/adlcp_rootv1p2 adlcp_rootv1p2.xsd">
  <metadata>
    <schema>ADL SCORM</schema>
    <schemaversion>1.2</schemaversion>
    <adlcp:location>metadata.xml</adlcp:location>
  </metadata>
  <organizations default="My_Amazing_Company">
    <organization identifier="My_Amazing_Company">
      <title>Bancoldex</title>
      <item identifier="item_FL.MyAmazingCompany.Bancoldex.57b35756-09d8-45db-b7ce-7fd20899435b" identifierref="resource_FL.MyAmazingCompany.Bancoldex.57b35756-09d8-45db-b7ce-7fd20899435b">
        <title>Bancoldex</title>
        <adlcp:masteryscore>80</adlcp:masteryscore>
        <metadata>
          <schema>ADL SCORM</schema>
          <schemaversion>1.2</schemaversion>
          <adlcp:location>metadata.xml</adlcp:location>
        </metadata>
      </item>
      <metadata>
        <schema>ADL SCORM</schema>
        <schemaversion>1.2</schemaversion>
        <adlcp:location>metadata.xml</adlcp:location>
      </metadata>
    </organization>
  </organizations>
  <resources>
    <metadata>
      <schema>ADL SCORM</schema>
      <schemaversion>1.2</schemaversion>
      <adlcp:location>metadata.xml</adlcp:location>
    </metadata>
    <resource identifier="resource_FL.MyAmazingCompany.Bancoldex.57b35756-09d8-45db-b7ce-7fd20899435b" type="webcontent" href="index.html" adlcp:scormtype="sco">
      <metadata>
        <schema>ADL SCORM</schema>
        <schemaversion>1.2</schemaversion>
        <adlcp:location>metadata.xml</adlcp:location>
      </metadata>
      <file href="asset-manifest.json"/>
      <file href="favicon.ico"/>
      <file href="index.html"/>
      <file href="logo192.png"/>
      <file href="logo512.png"/>
      <file href="manifest.json"/>
      <file href="static/css/main.346d25c8.chunk.css"/>
      <file href="static/css/main.346d25c8.chunk.css.map"/>
      <file href="static/js/2.f422f90c.chunk.js"/>
      <file href="static/js/2.f422f90c.chunk.js.LICENSE.txt"/>
      <file href="static/js/2.f422f90c.chunk.js.map"/>
      <file href="static/js/3.35daeaa1.chunk.js"/>
      <file href="static/js/3.35daeaa1.chunk.js.LICENSE.txt"/>
      <file href="static/js/3.35daeaa1.chunk.js.map"/>
      <file href="static/js/main.a91a454e.chunk.js"/>
      <file href="static/js/main.a91a454e.chunk.js.map"/>
      <file href="static/js/runtime-main.6087a56a.js"/>
      <file href="static/js/runtime-main.6087a56a.js.map"/>
      <file href="static/media/AvenirNextLTPro-Bold.711a4eb6.otf"/>
      <file href="static/media/AvenirNextLTPro-MediumCn.57eb48a8.otf"/>
      <file href="static/media/BG_BTNS_MENU.306fa2fb.svg"/>
      <file href="static/media/BG_CLOTHING.7beb5d90.svg"/>
      <file href="static/media/BG_DON_ALFONSO_P.e6ef8eab.svg"/>
      <file href="static/media/BG_GLORIA_P.eb1d6455.svg"/>
      <file href="static/media/BG_JOSE_P.08b7327b.svg"/>
      <file href="static/media/BG_MECHANICS.088e6fdc.svg"/>
      <file href="static/media/BG_PRODUCTIOIN_UNIFORM.5d1d83a5.svg"/>
      <file href="static/media/BTN_ARROW_LEFT.b140a1a8.svg"/>
      <file href="static/media/BTN_ARROW_RIGHT.79702eac.svg"/>
      <file href="static/media/BTN_BACK.96f789ce.svg"/>
      <file href="static/media/BTN_HELP.bdb057a1.svg"/>
      <file href="static/media/BTN_HISTORY_1.9c73598e.svg"/>
      <file href="static/media/BTN_HISTORY_2.9753c389.svg"/>
      <file href="static/media/BTN_HISTORY_3.9447b6a8.svg"/>
      <file href="static/media/BTN_HOME.8ef4a1cd.svg"/>
      <file href="static/media/BTN_MUSIC.bf9eaee0.svg"/>
      <file href="static/media/BTN_MUSIC_MUTE.6d7e299e.svg"/>
      <file href="static/media/BTN_NEXT.0fbf905d.svg"/>
      <file href="static/media/BTN_RETURN.8da55472.svg"/>
      <file href="static/media/BTN_START.81b46d52.svg"/>
      <file href="static/media/Calibri%20400.b280ca11.ttf"/>
      <file href="static/media/DON_ALFONSO.4c883a01.svg"/>
      <file href="static/media/DON_ALFONSO_OKAY.7da45288.svg"/>
      <file href="static/media/DON_ALFONSO_THINKING.098a9882.svg"/>
      <file href="static/media/DON_ALFONSO_UPSET.23f7931b.svg"/>
      <file href="static/media/ETC_Sfx_Correcto_01.240ba59f.mp3"/>
      <file href="static/media/ETC_Sfx_Incorrecto_01.da49693b.mp3"/>
      <file href="static/media/ETC_Sfx_Puntaje_01.1f06d5e7.mp3"/>
      <file href="static/media/ETC_Sfx_Swipe_01.ab886a7a.mp3"/>
      <file href="static/media/GIRL_INTRO.082fe85c.svg"/>
      <file href="static/media/GIRL_MOBILE.cb3cb8df.svg"/>
      <file href="static/media/GLORIA.242cfeb4.svg"/>
      <file href="static/media/GLORIA_OKAY.ad9ce3b6.svg"/>
      <file href="static/media/GLORIA_THINKING.93beafbe.svg"/>
      <file href="static/media/GLORIA_UPSET.fa63e009.svg"/>
      <file href="static/media/HEADER_STAR_0.bdeb79e0.svg"/>
      <file href="static/media/HEADER_STAR_1.2ecd2108.svg"/>
      <file href="static/media/HEADER_STAR_2.dbbcf1ed.svg"/>
      <file href="static/media/HEADER_STAR_3.ce093a13.svg"/>
      <file href="static/media/ICON_BACK.e1577ac5.svg"/>
      <file href="static/media/ICON_EYE.ffb8ac13.svg"/>
      <file href="static/media/ICON_EYE_CLOSE.11ee7046.svg"/>
      <file href="static/media/ICON_HELP.62849c0d.svg"/>
      <file href="static/media/JOSE.faab17bc.svg"/>
      <file href="static/media/JOSE_OKAY.f568adad.svg"/>
      <file href="static/media/JOSE_THINKING.9e5c683c.svg"/>
      <file href="static/media/JOSE_UPSET.062388b2.svg"/>
      <file href="static/media/LETTER_A.4bbb682d.svg"/>
      <file href="static/media/LETTER_A_ACTIVE.e2967301.svg"/>
      <file href="static/media/LETTER_B.2b7ec4ba.svg"/>
      <file href="static/media/LETTER_B_ACTIVE.6a182b06.svg"/>
      <file href="static/media/LETTER_C.71a8d42e.svg"/>
      <file href="static/media/LETTER_C_ACTIVE.578295d4.svg"/>
      <file href="static/media/LETTER_D.1189f384.svg"/>
      <file href="static/media/LETTER_D_ACTIVE.fb5812c8.svg"/>
      <file href="static/media/SELECT_LEVEL.e6768d88.svg"/>
      <file href="static/media/SELECT_LEVEL_BG_BLUE.adf906a1.svg"/>
      <file href="static/media/SELECT_OPTION.5c3bd59d.svg"/>
      <file href="static/media/TITLE_MODULE_1-1.83a29b42.svg"/>
      <file href="static/media/TITLE_MODULE_1-2.320ef7e5.svg"/>
      <file href="static/media/TITLE_MODULE_1-3.24d0371e.svg"/>
      <file href="static/media/TITLE_MODULE_1.dc37b85c.svg"/>
      <file href="static/media/TITLE_MODULE_1_MOBILE.18667136.svg"/>
      <file href="static/media/TITLE_MODULE_2-1.2150fc07.svg"/>
      <file href="static/media/TITLE_MODULE_2-2.10d42f38.svg"/>
      <file href="static/media/TITLE_MODULE_2-3.724f223a.svg"/>
      <file href="static/media/TITLE_MODULE_2.ef42446d.svg"/>
      <file href="static/media/TITLE_MODULE_2_MOBILE.45dac7fb.svg"/>
      <file href="static/media/TITLE_MODULE_3-1.8b4f1dcb.svg"/>
      <file href="static/media/TITLE_MODULE_3-2.60a184ff.svg"/>
      <file href="static/media/TITLE_MODULE_3-3.6613be18.svg"/>
      <file href="static/media/TITLE_MODULE_3.1d4d398c.svg"/>
      <file href="static/media/TITLE_MODULE_3_MOBILE.7ef7d763.svg"/>
      <file href="static/media/avenirnextltpro-light.woff.e55fd97e.ttf"/>
      <file href="static/media/bensound-memories.7c478301.mp3"/>
    </resource>
  </resources>
</manifest>